LOC_BLANK,BRANCH_COUNT,CALL_PAIRS,LOC_CODE_AND_COMMENT,LOC_COMMENTS,CONDITION_COUNT,CYCLOMATIC_COMPLEXITY,CYCLOMATIC_DENSITY,DECISION_COUNT,DECISION_DENSITY,DESIGN_COMPLEXITY,DESIGN_DENSITY,EDGE_COUNT,ESSENTIAL_COMPLEXITY,ESSENTIAL_DENSITY,LOC_EXECUTABLE,PARAMETER_COUNT,GLOBAL_DATA_COMPLEXITY,GLOBAL_DATA_DENSITY,HALSTEAD_CONTENT,HALSTEAD_DIFFICULTY,HALSTEAD_EFFORT,HALSTEAD_ERROR_EST,HALSTEAD_LENGTH,HALSTEAD_LEVEL,HALSTEAD_PROG_TIME,HALSTEAD_VOLUME,MAINTENANCE_SEVERITY,MODIFIED_CONDITION_COUNT,MULTIPLE_CONDITION_COUNT,NODE_COUNT,NORMALIZED_CYLOMATIC_COMPLEXITY,NUM_OPERANDS,NUM_OPERATORS,NUM_UNIQUE_OPERANDS,NUM_UNIQUE_OPERATORS,NUMBER_OF_LINES,PERCENT_COMMENTS,LOC_TOTAL,Defective
0.019048,0.016129,0,0.105263,0.056911,0.018519,0.016129,0.145833,0.019608,0,0,0.484536,0.020325,0,0,0.021978,0,0.032787,1,0.071831,0.058327,0.000732,0.00831,0.016915,0.208955,0.000732,0.009145,0.484536,0.016129,0.018519,0.021164,0.107692,0.017405,0.016222,0.029557,0.194444,0.04034,0.602555,0.027473,N
0.009524,0.016129,0.055556,0.052632,0,0.018519,0.016129,0.09375,0.019608,0,0,0.484536,0.02439,0,0,0.035714,0,0.032787,1,0.091731,0.05968,0.000978,0.01108,0.020298,0.19403,0.000978,0.011942,0.484536,0.016129,0.018519,0.026455,0.138462,0.018987,0.020857,0.039409,0.25,0.031847,0.080381,0.038462,N
0.057143,0.032258,0.055556,0.210526,0.04065,0.037037,0.032258,0.166667,0.039216,0,0.05,0.659794,0.04065,0,0,0.027473,0.4,0.04918,1,0.132329,0.091191,0.003293,0.024931,0.041949,0.134328,0.003293,0.026327,0.309278,0.032258,0.037037,0.042328,0.123077,0.039557,0.042874,0.059113,0.277778,0.055202,0.542299,0.038462,N
0.057143,0.032258,0.055556,0.210526,0.02439,0.037037,0.032258,0.166667,0.039216,0,0,0.309278,0.04065,0,0,0.027473,0.2,0.04918,1,0.104608,0.11379,0.004054,0.024931,0.042625,0.104478,0.004054,0.02597,0.309278,0.032258,0.037037,0.042328,0.153846,0.041139,0.042874,0.049261,0.277778,0.048832,0.468667,0.038462,N
0.019048,0.016129,0,0,0.00813,0.018519,0.016129,0.260417,0.019608,0,0,0.484536,0.020325,0,0,0.016484,0,0.032787,1,0.064329,0.050131,0.000484,0.00831,0.012855,0.238806,0.000484,0.007035,0.484536,0.016129,0.018519,0.021164,0.230769,0.011076,0.013905,0.024631,0.222222,0.019108,0.150639,0.016484,N
0.171429,0.362903,0.111111,0.315789,0.195122,0.296296,0.403226,0.1875,0.254902,0.46,0.7,0.56701,0.317073,0.578947,0.88,0.31044,0,0.393443,0.92,0.228796,0.459457,0.144561,0.229917,0.266576,0.029851,0.144561,0.229361,0.876289,0.306452,0.305556,0.280423,0.215385,0.262658,0.264195,0.226601,0.861111,0.341826,0.251024,0.326923,Y
0,0.016129,0,0,0,0.018519,0.016129,0.375,0.019608,0,0,0.484536,0.020325,0,0,0.010989,0,0.032787,1,0.074226,0.019893,0.000088,0.00277,0.006766,0.597015,0.000088,0.003221,0.484536,0.016129,0.018519,0.021164,0.415385,0.006329,0.006952,0.019704,0.111111,0.008493,0,0.010989,N
0,0.016129,0,0,0.00813,0.018519,0.016129,0.145833,0.019608,0,0,0.484536,0.020325,0,0,0.027473,0.2,0.032787,1,0.086677,0.060158,0.000939,0.01108,0.018945,0.19403,0.00094,0.011381,0.484536,0.016129,0.018519,0.021164,0.184615,0.017405,0.019699,0.039409,0.277778,0.023355,0.100386,0.027473,N
0.038095,0.096774,0.166667,0,0.02439,0.111111,0.096774,0.166667,0.117647,0,0.3,1,0.130081,0.131579,0.83,0.093407,0.4,0.114754,1,0.183303,0.102093,0.005721,0.041551,0.060893,0.119403,0.005721,0.040841,0.85567,0.096774,0.111111,0.137566,0.215385,0.066456,0.05562,0.08867,0.277778,0.087049,0.095083,0.093407,N
0,0.016129,0,0,0.00813,0.018519,0.016129,0.145833,0.019608,0,0,0.484536,0.020325,0,0,0.027473,0.2,0.032787,1,0.090135,0.064693,0.001127,0.01385,0.021651,0.179104,0.001127,0.012713,0.484536,0.016129,0.018519,0.021164,0.184615,0.02057,0.022016,0.039409,0.25,0.023355,0.100386,0.027473,N
0,0,0,0,0,0,0,0.21875,0,0.105827,0,1,0,0,0,0.008242,0.4,0.016393,1,0.07231,0.065012,0.000914,0.01108,0.019621,0.179104,0.000914,0.010255,1,0,0,0,0.230769,0.022152,0.017381,0.029557,0.166667,0.006369,0,0.008242,Y
0.019048,0,0,0,0.113821,0,0,0.21875,0,0.105827,0,1,0,0,0,0.008242,0.2,0.016393,1,0.058583,0.111403,0.002176,0.01385,0.028417,0.104478,0.002176,0.014241,1,0,0,0,0.046154,0.031646,0.025492,0.024631,0.166667,0.038217,0.937334,0.008242,Y
0,0,0,0,0,0,0,0.21875,0,0.105827,0,1,0,0,0,0.008242,0.8,0.016393,1,0.073641,0.051086,0.000575,0.00831,0.015562,0.238806,0.000575,0.008205,1,0,0,0,0.230769,0.017405,0.013905,0.029557,0.166667,0.006369,0,0.008242,Y
0.009524,0.145161,0.055556,0,0,0.166667,0.145161,0.197917,0.176471,0,0.1,0.278351,0.158537,0.078947,0.33,0.115385,0.4,0.147541,0.9,0.222518,0.212302,0.030018,0.102493,0.135995,0.059701,0.030018,0.103077,0.381443,0.145161,0.166667,0.15873,0.307692,0.131329,0.136732,0.137931,0.472222,0.091295,0,0.115385,N
0.009524,0.048387,0.055556,0,0,0.055556,0.048387,0.416667,0.058824,0,0.05,0.484536,0.060976,0,0,0.021978,0.2,0.032787,0.5,0.052889,0.162569,0.004185,0.019391,0.031123,0.074627,0.004185,0.018766,0.226804,0.048387,0.055556,0.063492,0.476923,0.03481,0.02781,0.034483,0.333333,0.019108,0,0.021978,N
0.009524,0.145161,0.055556,0,0,0.166667,0.145161,0.333333,0.176471,0,0.15,0.381443,0.162602,0,0,0.074176,0.4,0.065574,0.4,0.076407,0.295138,0.019919,0.049861,0.075101,0.044776,0.019919,0.049198,0.072165,0.145161,0.166667,0.164021,0.461538,0.080696,0.069525,0.054187,0.416667,0.059448,0,0.074176,N
0.019048,0.064516,0,0,0,0.064815,0.064516,0.28125,0.058824,0.33,0,0.175258,0.056911,0.052632,0.5,0.041209,0.4,0.081967,1,0.170267,0.1492,0.011347,0.055402,0.078484,0.074627,0.011347,0.055442,0.587629,0.064516,0.064815,0.05291,0.353846,0.079114,0.076477,0.098522,0.388889,0.036093,0,0.041209,N
0.009524,0.16129,0.277778,0,0,0.166667,0.16129,0.364583,0.156863,0.25,0.3,0.628866,0.158537,0.210526,0.8,0.074176,0.2,0.180328,1,0.133713,0.251771,0.025366,0.074792,0.104195,0.044776,0.025366,0.073448,0.814433,0.16129,0.166667,0.153439,0.507692,0.106013,0.100811,0.08867,0.444444,0.059448,0,0.074176,N
0.009524,0.048387,0.055556,0,0,0.046296,0.048387,0.552083,0.039216,0.5,0.05,0.484536,0.044715,0.052632,0.67,0.016484,0.2,0.04918,0.75,0.05837,0.103446,0.00187,0.01385,0.021651,0.119403,0.00187,0.013176,0.742268,0.048387,0.046296,0.042328,0.584615,0.022152,0.020857,0.034483,0.333333,0.014862,0,0.016484,N
0.009524,0,0.055556,0,0,0,0,0.135417,0,0.105827,0,1,0.004065,0,0,0.013736,0.4,0.016393,1,0.040811,0.080608,0.000793,0.00831,0.013532,0.149254,0.000793,0.007179,1,0,0,0.005291,0.138462,0.014241,0.012746,0.019704,0.222222,0.012739,0,0.013736,N
0.009524,0.096774,0,0.315789,0,0.111111,0.096774,0.270833,0.117647,0,0,0.113402,0.109756,0,0,0.043956,0.4,0.065574,0.57,0.076141,0.307472,0.02154,0.049861,0.077131,0.044776,0.02154,0.051074,0.113402,0.096774,0.111111,0.111111,0.384615,0.079114,0.07416,0.054187,0.444444,0.048832,0.314413,0.06044,N
0,0.016129,0.055556,0,0,0.018519,0.016129,0.114583,0.019608,0,0.05,1,0.02439,0,0,0.032967,0.6,0.032787,1,0.066777,0.102332,0.002093,0.01385,0.025034,0.119403,0.002093,0.014912,0.484536,0.016129,0.018519,0.026455,0.169231,0.023734,0.025492,0.034483,0.305556,0.027601,0,0.032967,N
0.009524,0.16129,0.222222,0,0,0.166667,0.16129,0.364583,0.156863,0.25,0.3,0.628866,0.158537,0.210526,0.8,0.074176,0.2,0.180328,1,0.118921,0.274767,0.026876,0.072022,0.102842,0.044776,0.026876,0.0713,0.814433,0.16129,0.166667,0.153439,0.507692,0.102848,0.100811,0.078818,0.444444,0.059448,0,0.074176,N
0.12381,0.080645,0,0,0.01626,0.092593,0.080645,0.322917,0.098039,0,0,0.14433,0.085366,0,0,0.043956,0.2,0.081967,0.83,0.056348,0.230763,0.008984,0.027701,0.044655,0.044776,0.008984,0.028379,0.14433,0.080645,0.092593,0.084656,0.246154,0.045886,0.042874,0.039409,0.416667,0.065817,0.126898,0.043956,N
0.057143,0.112903,0.055556,0,0.01626,0.12037,0.112903,0.229167,0.117647,0.17,0.05,0.226804,0.126016,0.052632,0.29,0.082418,0.4,0.065574,0.5,0.178887,0.223442,0.026736,0.085873,0.11705,0.059701,0.026736,0.087225,0.360825,0.112903,0.12037,0.126984,0.276923,0.123418,0.110081,0.123153,0.472222,0.080679,0.07303,0.082418,N
0,0,0.055556,0,0,0,0,0.479167,0,0.105827,0,1,0.004065,0,0,0.002747,0.2,0.016393,1,0.050601,0.023872,0.000086,0.00277,0.005413,0.492537,0.000086,0.002636,1,0,0,0.005291,0.353846,0.004747,0.005794,0.014778,0.138889,0.002123,0,0.002747,N
0.047619,0.032258,0,0,0.056911,0.037037,0.032258,0.177083,0.039216,0,0,0.309278,0.03252,0,0,0.035714,0.4,0.016393,0.33,0.08508,0.053076,0.000717,0.01108,0.018268,0.223881,0.000717,0.009849,0.309278,0.032258,0.037037,0.031746,0.138462,0.015823,0.019699,0.029557,0.194444,0.053079,0.401663,0.035714,Y
0.047619,0.032258,0.111111,0,0.03252,0.037037,0.032258,0.40625,0.039216,0,0.05,0.659794,0.04878,0,0,0.016484,0.4,0.04918,1,0.10945,0.065012,0.001384,0.01662,0.02774,0.179104,0.001384,0.01552,0.309278,0.032258,0.037037,0.05291,0.246154,0.033228,0.023175,0.044335,0.166667,0.029724,0.438178,0.016484,Y
0.038095,0.048387,0,0,0.01626,0.055556,0.048387,0.302083,0.058824,0,0,0.226804,0.052846,0.052632,0.67,0.03022,0.2,0.032787,0.5,0.091678,0.167104,0.007665,0.033241,0.051421,0.074627,0.007665,0.033436,0.742268,0.048387,0.055556,0.05291,0.276923,0.056962,0.04635,0.059113,0.361111,0.036093,0.17221,0.03022,Y
0.085714,0.080645,0.166667,0,0.268293,0.092593,0.080645,0.229167,0.098039,0,0.05,0.309278,0.109756,0,0,0.06044,0.4,0.081967,0.83,0.103757,0.320204,0.031842,0.072022,0.102842,0.029851,0.031842,0.0725,0.14433,0.080645,0.092593,0.116402,0.107692,0.120253,0.088065,0.083744,0.472222,0.138004,0.710171,0.06044,Y
0.209524,0.298387,0.5,0.105263,0.495935,0.305556,0.306452,0.125,0.313725,0.06,0.45,0.484536,0.512195,0.315789,0.63,0.337912,0.2,0.180328,0.55,0.315845,0.706453,0.471777,0.487535,0.554127,0.014925,0.471777,0.486815,0.639175,0.274194,0.305556,0.566138,0.107692,0.613924,0.499421,0.29064,0.722222,0.441614,0.406001,0.343407,Y
0.161905,0.354839,0.111111,0.263158,0.357724,0.398148,0.354839,0.34375,0.411765,0.05,0.05,0.061856,0.390244,0.105263,0.18,0.153846,0.4,0.147541,0.39,0.140683,0.621628,0.162743,0.191136,0.252368,0.014925,0.162743,0.190845,0.195876,0.354839,0.398148,0.391534,0.246154,0.294304,0.216686,0.123153,0.555556,0.259023,0.557122,0.167582,Y
0,0.016129,0,0,0,0.018519,0.016129,0.65625,0.019608,0,0,0.484536,0.01626,0,0,0.005495,0.4,0.032787,1,0.032883,0.039787,0.000156,0.00277,0.006766,0.298507,0.000156,0.002853,0.484536,0.016129,0.018519,0.015873,0.584615,0.006329,0.006952,0.009852,0.111111,0.004246,0,0.005495,N
0,0.048387,0,0,0,0.046296,0.048387,1,0.039216,0.5,0,0.226804,0.04065,0.052632,0.67,0.008242,0.6,0.065574,1,0.041237,0.071616,0.000633,0.00554,0.014208,0.164179,0.000633,0.006443,0.742268,0.048387,0.046296,0.037037,1,0.014241,0.013905,0.014778,0.138889,0.006369,0,0.008242,N
0,0.016129,0,0,0,0.018519,0.016129,0.65625,0.019608,0,0,0.484536,0.01626,0,0,0.005495,0.4,0.032787,1,0.032883,0.039787,0.000156,0.00277,0.006766,0.298507,0.000156,0.002853,0.484536,0.016129,0.018519,0.015873,0.584615,0.006329,0.006952,0.009852,0.111111,0.004246,0,0.005495,N
0,0.048387,0,0,0,0.046296,0.048387,1,0.039216,0.5,0,0.226804,0.04065,0.052632,0.67,0.008242,0.6,0.065574,1,0.041237,0.071616,0.000633,0.00554,0.014208,0.164179,0.000633,0.006443,0.742268,0.048387,0.046296,0.037037,1,0.014241,0.013905,0.014778,0.138889,0.006369,0,0.008242,N
0,0.016129,0,0,0,0.018519,0.016129,0.65625,0.019608,0,0,0.484536,0.01626,0,0,0.005495,0.2,0.032787,1,0.044482,0.071616,0.000683,0.00831,0.013532,0.164179,0.000683,0.006955,0.484536,0.016129,0.018519,0.015873,0.584615,0.009494,0.016222,0.014778,0.222222,0.004246,0,0.005495,Y
0.066667,0.193548,0.111111,0,0.146341,0.203704,0.193548,0.239583,0.196078,0.2,0.1,0.206186,0.219512,0.131579,0.42,0.129121,0.2,0.131148,0.62,0.208471,0.465346,0.13513,0.210526,0.269959,0.029851,0.13513,0.211665,0.443299,0.193548,0.203704,0.222222,0.230769,0.30538,0.238702,0.162562,0.527778,0.152866,0.328633,0.129121,Y
0.07619,0.209677,0.055556,0,0.162602,0.240741,0.209677,0.333333,0.254902,0,0.15,0.268041,0.272358,0,0,0.104396,1,0.180328,0.79,0.171225,0.322113,0.05318,0.119114,0.171177,0.029851,0.05318,0.12036,0.041237,0.209677,0.240741,0.285714,0.276923,0.216772,0.134415,0.108374,0.333333,0.140127,0.408532,0.104396,Y
0.009524,0.032258,0.055556,0,0,0.037037,0.032258,0.21875,0.039216,0,0,0.309278,0.04065,0,0,0.03022,0.6,0.04918,1,0.082367,0.288454,0.020511,0.052632,0.079161,0.044776,0.020511,0.051834,0.309278,0.032258,0.037037,0.042328,0.276923,0.091772,0.068366,0.059113,0.388889,0.025478,0,0.03022,Y
0.009524,0.032258,0.055556,0,0,0.037037,0.032258,0.239583,0.039216,0,0,0.309278,0.04065,0,0,0.027473,0.4,0.04918,1,0.081835,0.1418,0.004923,0.024931,0.039242,0.089552,0.004923,0.025312,0.309278,0.032258,0.037037,0.042328,0.292308,0.044304,0.034762,0.054187,0.361111,0.023355,0,0.027473,Y
0.228571,0.08871,0,0.105263,0.227642,0.074074,0.096774,0.114583,0.078431,0,0,0.113402,0.073171,0,0,0.123626,0,0.081967,0.71,0.15042,0.296809,0.039667,0.096953,0.129229,0.044776,0.039667,0.097412,0.113402,0.064516,0.074074,0.063492,0.061538,0.123418,0.130939,0.1133,0.583333,0.239915,0.475657,0.129121,N
0,0,0.055556,0,0,0,0,0.479167,0,0.105827,0,1,0.004065,0,0,0.002747,0,0,0,0.041183,0.011936,0.000018,0,0.002706,1,0.000018,0.001073,1,0,0,0.005291,0.353846,0.003165,0.002317,0.009852,0.055556,0.002123,0,0.002747,N
0.219048,0.064516,0.111111,0,0.089431,0.074074,0.064516,0.125,0.078431,0,0.1,0.587629,0.069106,0.052632,0.5,0.082418,0,0.065574,0.8,0.177823,0.171083,0.015581,0.066482,0.093369,0.074627,0.015581,0.066388,0.587629,0.064516,0.074074,0.068783,0.061538,0.068038,0.110081,0.08867,0.472222,0.174098,0.315618,0.082418,Y
0.047619,0.032258,0.055556,0,0.04878,0.037037,0.032258,0.21875,0.039216,0,0.05,0.659794,0.04065,0.052632,1,0.03022,0.2,0.04918,1,0.151485,0.069627,0.002198,0.022161,0.035183,0.164179,0.002198,0.023014,1,0.032258,0.037037,0.042328,0.107692,0.023734,0.042874,0.059113,0.361111,0.061571,0.401663,0.03022,Y
0.180952,0.145161,0.222222,0.052632,0.097561,0.166667,0.145161,0.166667,0.176471,0,0.3,0.690722,0.178862,0.157895,0.67,0.129121,0,0.147541,0.9,0.160477,0.207687,0.020719,0.072022,0.100812,0.059701,0.020719,0.072723,0.690722,0.145161,0.166667,0.185185,0.153846,0.091772,0.105446,0.098522,0.472222,0.167728,0.256809,0.131868,Y
0.057143,0.048387,0,0,0.04878,0.055556,0.048387,0.239583,0.058824,0,0,0.226804,0.052846,0.078947,1,0.038462,0.4,0.065574,1,0.128232,0.093021,0.003322,0.024931,0.038566,0.134328,0.003322,0.02603,1,0.048387,0.055556,0.05291,0.184615,0.030063,0.044032,0.064039,0.416667,0.055202,0.3443,0.038462,Y
0.638095,0.467742,0.166667,0.157895,0.691057,0.481481,0.467742,0.208333,0.45098,0.26,0.35,0.247423,0.45122,0.578947,0.76,0.32967,0,0.47541,0.97,0.199,0.853107,0.433436,0.371191,0.456698,0.014925,0.433436,0.370379,0.762887,0.467742,0.481481,0.433862,0.138462,0.427215,0.469293,0.167488,0.722222,0.583864,0.507472,0.337912,Y
0,0.032258,0,0,0,0.037037,0.032258,0.739583,0.039216,0,0,0.309278,0.03252,0,0,0.008242,0.2,0.04918,1,0.043312,0.065012,0.000547,0.00554,0.012855,0.179104,0.000547,0.006138,0.309278,0.032258,0.037037,0.031746,0.738462,0.011076,0.013905,0.014778,0.166667,0.006369,0,0.008242,N
0.009524,0.032258,0.055556,0,0,0.037037,0.032258,0.479167,0.039216,0,0,0.309278,0.036585,0,0,0.013736,0.2,0.016393,0.33,0.054752,0.094852,0.001474,0.01108,0.019621,0.119403,0.001474,0.011328,0.309278,0.032258,0.037037,0.037037,0.476923,0.02057,0.01854,0.029557,0.277778,0.012739,0,0.013736,N
0.057143,0.048387,0.388889,0.105263,0.04878,0.055556,0.048387,0.03125,0.058824,0,0.15,1,0.121951,0,0,0.148352,0.4,0.065574,1,0.318506,0.157396,0.023613,0.108033,0.15088,0.074627,0.023613,0.109375,0.226804,0.048387,0.055556,0.142857,0.061538,0.140823,0.155272,0.133005,0.305556,0.144374,0.153049,0.153846,N
0.019048,0.048387,0,0.105263,0,0.055556,0.048387,0.145833,0.058824,0,0,0.226804,0.052846,0,0,0.052198,0,0.032787,0.5,0.094498,0.156123,0.006891,0.033241,0.047361,0.074627,0.006891,0.032185,0.226804,0.048387,0.055556,0.05291,0.2,0.047468,0.04635,0.064039,0.444444,0.048832,0.109544,0.057692,N
0.038095,0,0,0,0.01626,0,0,0.479167,0,0.105827,0,1,0,0,0,0.002747,0,0,0,0.048207,0.027851,0.000112,0.00277,0.006089,0.432836,0.000112,0.002929,1,0,0,0,0.123077,0.003165,0.008111,0.009852,0.166667,0.014862,0.602555,0.002747,N
0.009524,0.016129,0,0,0,0.018519,0.016129,0.1875,0.019608,0,0,0.484536,0.020325,0,0,0.021978,0.4,0.032787,1,0.057572,0.077584,0.001037,0.01108,0.017591,0.149254,0.001037,0.009745,0.484536,0.016129,0.018519,0.021164,0.230769,0.02057,0.015064,0.029557,0.222222,0.019108,0,0.021978,Y
0.009524,0.016129,0,0,0,0.018519,0.016129,0.1875,0.019608,0,0,0.484536,0.020325,0,0,0.021978,0.4,0.032787,1,0.063903,0.116336,0.002591,0.01662,0.026387,0.104478,0.002591,0.016231,0.484536,0.016129,0.018519,0.021164,0.230769,0.028481,0.024334,0.039409,0.333333,0.019108,0,0.021978,Y
0.038095,0.032258,0.055556,0,0.01626,0.027778,0.032258,0.135417,0.019608,1,0.05,0.659794,0.036585,0.052632,1,0.046703,0.2,0.04918,1,0.10381,0.12501,0.004855,0.027701,0.043978,0.089552,0.004855,0.028314,1,0.032258,0.027778,0.037037,0.153846,0.045886,0.041715,0.059113,0.333333,0.048832,0.120511,0.046703,N
0.085714,0.177419,0.111111,0.263158,0.073171,0.175926,0.177419,0.229167,0.156863,0.38,0.15,0.309278,0.166667,0.184211,0.64,0.10989,0.6,0.081967,0.42,0.224806,0.224954,0.034045,0.110803,0.14479,0.059701,0.034045,0.110327,0.659794,0.177419,0.175926,0.15873,0.246154,0.110759,0.16686,0.128079,0.555556,0.138004,0.3067,0.123626,Y
0.009524,0.016129,0,0,0.01626,0.018519,0.016129,0.260417,0.019608,0,0,0.484536,0.020325,0,0,0.016484,0.4,0.032787,1,0.055443,0.065648,0.000715,0.00831,0.014208,0.179104,0.000715,0.00794,0.484536,0.016129,0.018519,0.021164,0.230769,0.017405,0.011587,0.029557,0.222222,0.019108,0.267775,0.016484,N
0.009524,0.016129,0.055556,0.052632,0,0.018519,0.016129,0.114583,0.019608,0,0,0.484536,0.02439,0,0,0.03022,0,0.032787,1,0.082207,0.056815,0.000795,0.01108,0.017591,0.208955,0.000795,0.010195,0.484536,0.016129,0.018519,0.026455,0.169231,0.015823,0.01854,0.034483,0.25,0.027601,0.092673,0.032967,N
0.047619,0,0.055556,0.210526,0.01626,0,0,0.072917,0,0.105827,0,1,0.00813,0,0,0.010989,0.2,0.016393,1,0.09104,0.081881,0.001826,0.01662,0.029093,0.149254,0.001826,0.016259,1,0,0,0.010582,0.061538,0.025316,0.031286,0.034483,0.222222,0.031847,0.657387,0.021978,N
0.028571,0.032258,0,0.105263,0.056911,0.037037,0.032258,0.0625,0.039216,0,0,0.309278,0.036585,0,0,0.074176,0.4,0.04918,1,0.113919,0.219305,0.016403,0.055402,0.077808,0.059701,0.016403,0.05452,0.309278,0.032258,0.037037,0.037037,0.076923,0.077532,0.076477,0.078818,0.472222,0.082803,0.293083,0.07967,N
0.009524,0.016129,0,0,0.00813,0.018519,0.016129,0.65625,0.019608,0,0,0.484536,0.020325,0,0,0.005495,0.6,0.032787,1,0.057944,0.04297,0.00032,0.00554,0.010825,0.283582,0.00032,0.005433,0.484536,0.016129,0.018519,0.021164,0.415385,0.014241,0.008111,0.024631,0.138889,0.008493,0.301277,0.005495,N
0.057143,0.112903,0,0,0.056911,0.12963,0.112903,0.302083,0.137255,0,0,0.103093,0.121951,0.052632,0.29,0.063187,0.2,0.131148,1,0.110035,0.21087,0.014646,0.049861,0.076455,0.059701,0.014646,0.050629,0.360825,0.112903,0.12963,0.121693,0.292308,0.083861,0.069525,0.068966,0.361111,0.076433,0.272114,0.063187,N
0.028571,0.016129,0,0,0.03252,0.018519,0.016129,0.302083,0.019608,0,0,0.484536,0.01626,0,0,0.013736,0,0.032787,1,0.072949,0.075038,0.001229,0.01108,0.020298,0.164179,0.001229,0.011942,0.484536,0.016129,0.018519,0.015873,0.169231,0.018987,0.020857,0.034483,0.277778,0.025478,0.482044,0.013736,N
0.038095,0,0.055556,0,0.01626,0,0,0.104167,0,0.105827,0,1,0.00813,0,0,0.016484,0,0.016393,1,0.105778,0.066285,0.001392,0.01662,0.02571,0.179104,0.001392,0.015305,1,0,0,0.010582,0.076923,0.023734,0.026651,0.044335,0.25,0.025478,0.267775,0.016484,Y
0,0,0,0.105263,0,0,0,0.302083,0,0.105827,0,1,0,0,0,0,0,0,0,0.100138,0.023872,0.000171,0.00554,0.010825,0.492537,0.000171,0.005217,1,0,0,0,0.276923,0.006329,0.013905,0.019704,0.138889,0.004246,0.803447,0.005495,N
0.028571,0.064516,0,0,0.01626,0.074074,0.064516,0.479167,0.078431,0,0,0.175258,0.081301,0,0,0.024725,0.6,0.065574,0.8,0.105991,0.113949,0.004119,0.027701,0.043978,0.104478,0.004119,0.026352,0.175258,0.064516,0.074074,0.084656,0.415385,0.05538,0.034762,0.054187,0.222222,0.029724,0.200892,0.024725,Y
0.095238,0.096774,0.055556,0.052632,0.089431,0.101852,0.096774,0.197917,0.098039,0.2,0.1,0.412371,0.101626,0,0,0.07967,0,0.114754,1,0.133873,0.175062,0.012279,0.049861,0.069689,0.074627,0.012279,0.051132,0.113402,0.096774,0.101852,0.100529,0.169231,0.06962,0.068366,0.098522,0.527778,0.10828,0.3443,0.082418,N
0.047619,0.193548,0.111111,0,0.195122,0.194444,0.193548,0.1875,0.176471,0.33,0.2,0.360825,0.207317,0.184211,0.58,0.162088,0.4,0.213115,1,0.099872,0.716161,0.153297,0.155125,0.223951,0.014925,0.153297,0.156038,0.608247,0.193548,0.194444,0.206349,0.184615,0.253165,0.198146,0.078818,0.472222,0.186837,0.3443,0.162088,Y
0,0.032258,0,0,0,0.037037,0.032258,0.479167,0.039216,0,0,0.309278,0.04065,0,0,0.013736,0.4,0.04918,1,0.065393,0.074242,0.00108,0.01108,0.020298,0.164179,0.00108,0.010597,0.309278,0.032258,0.037037,0.042328,0.553846,0.025316,0.016222,0.029557,0.166667,0.010616,0,0.013736,N
0.009524,0.016129,0,0,0.00813,0.018519,0.016129,0.65625,0.019608,0,0,0.484536,0.020325,0,0,0.005495,0.4,0.032787,1,0.044163,0.047744,0.000301,0.00554,0.009472,0.253731,0.000302,0.004603,0.484536,0.016129,0.018519,0.021164,0.415385,0.012658,0.006952,0.019704,0.138889,0.008493,0.301277,0.005495,N
0.066667,0.112903,0,0,0.065041,0.12037,0.112903,0.229167,0.117647,0.17,0,0.103093,0.101626,0.078947,0.43,0.082418,0,0.131148,1,0.127115,0.209994,0.016774,0.058172,0.081191,0.059701,0.016775,0.058233,0.484536,0.112903,0.12037,0.095238,0.230769,0.079114,0.081112,0.08867,0.5,0.095541,0.247168,0.082418,N
0.057143,0.096774,0.222222,0.210526,0.03252,0.111111,0.096774,0.114583,0.117647,0,0.1,0.412371,0.146341,0,0,0.115385,0.2,0.016393,0.14,0.233904,0.381953,0.102142,0.193906,0.251015,0.029851,0.102142,0.194941,0.113402,0.096774,0.111111,0.15873,0.153846,0.278481,0.225956,0.162562,0.472222,0.118896,0.189082,0.126374,N
0.085714,0.080645,0.444444,0.157895,0.227642,0,0.145161,0.260417,0,0.105827,0.3,0.690722,0.101626,0,0,0.085165,0,0.032787,0.2,0.225019,0.083154,0.004662,0.041551,0.054804,0.149254,0.004662,0.040849,0.072165,0,0,0.084656,0.184615,0.036392,0.067207,0.108374,0.527778,0.150743,0.593034,0.093407,Y
0,0.016129,0,0,0,0.018519,0.016129,1,0.019608,0,0,0.484536,0.01626,0,0,0.002747,0,0,0,0.02836,0.011936,0.000012,0,0.00203,1,0.000012,0.000739,0.484536,0.016129,0.018519,0.015873,0.738462,0.001582,0.002317,0.004926,0.055556,0.002123,0,0.002747,N
0.161905,0.048387,0.111111,0.842105,0.260163,0.055556,0.048387,0.010417,0.058824,0,0,0.226804,0.105691,0,0,0.184066,0,0.065574,1,0.392093,0.300469,0.105929,0.257618,0.317997,0.044776,0.105929,0.257023,0.226804,0.048387,0.055556,0.121693,0.015385,0.302215,0.323291,0.211823,0.444444,0.280255,0.498674,0.228022,N
0.27619,0.548387,0,0,0.300813,0.518519,0.548387,0.177083,0.431373,0.55,0,0,0.455285,0.657895,0.74,0.445055,0,0.409836,0.71,0.268703,0.693244,0.386513,0.407202,0.507442,0.014925,0.386513,0.406423,0.731959,0.548387,0.518519,0.412698,0.2,0.485759,0.513326,0.182266,0.555556,0.484076,0.222945,0.445055,N
0.028571,0.064516,0,0,0.03252,0.064815,0.064516,0.25,0.058824,0.33,0,0.175258,0.060976,0,0,0.046703,0,0.081967,1,0.095722,0.103446,0.003065,0.022161,0.033829,0.119403,0.003065,0.021602,0.175258,0.064516,0.064815,0.058201,0.261538,0.03481,0.032445,0.054187,0.333333,0.050955,0.219089,0.046703,N
0.152381,0.145161,0,0,0.178862,0.138889,0.145161,0.166667,0.117647,0.5,0,0.072165,0.121951,0.157895,0.67,0.134615,0,0.114754,0.7,0.112642,0.329116,0.036529,0.080332,0.128552,0.029851,0.036529,0.080902,0.690722,0.145161,0.138889,0.111111,0.138462,0.110759,0.13905,0.054187,0.333333,0.184713,0.368282,0.134615,N
0.009524,0.032258,0.055556,0,0,0.037037,0.032258,0.270833,0.039216,0,0.05,0.659794,0.044715,0,0,0.024725,0,0.04918,1,0.089763,0.10814,0.003142,0.022161,0.033153,0.104478,0.003142,0.021179,0.309278,0.032258,0.037037,0.047619,0.323077,0.036392,0.030127,0.054187,0.333333,0.021231,0,0.024725,N
0.12381,0.096774,0.222222,0.105263,0.105691,0.111111,0.096774,0.135417,0.117647,0,0.05,0.268041,0.113821,0.078947,0.5,0.104396,0,0,0,0.228211,0.194796,0.025923,0.096953,0.125846,0.059701,0.025923,0.096997,0.556701,0.096774,0.111111,0.116402,0.123077,0.112342,0.133256,0.142857,0.527778,0.140127,0.334779,0.10989,N
0.019048,0.016129,0.166667,0,0.01626,0.018519,0.016129,0.21875,0.019608,0,0.05,1,0.028455,0,0,0.019231,0,0,0,0.11807,0.015915,0.00009,0.00277,0.008796,0.746269,0.000089,0.0041,0.484536,0.016129,0.018519,0.031746,0.184615,0.007911,0.00927,0.024631,0.083333,0.023355,0.241022,0.019231,N
0.095238,0.096774,0.111111,0,0.089431,0.111111,0.096774,0.260417,0.117647,0,0,0.113402,0.101626,0.105263,0.67,0.063187,0,0,0,0.172928,0.136787,0.009687,0.052632,0.070365,0.089552,0.009687,0.051623,0.701031,0.096774,0.111111,0.100529,0.2,0.060127,0.076477,0.103448,0.5,0.093418,0.378766,0.063187,Y
0.095238,0.064516,0.166667,0,0.089431,0.074074,0.064516,0.229167,0.078431,0,0.05,0.381443,0.077236,0.052632,0.5,0.049451,0,0,0,0.151485,0.119838,0.006511,0.038781,0.056834,0.104478,0.006511,0.039611,0.587629,0.064516,0.074074,0.079365,0.153846,0.050633,0.060255,0.083744,0.416667,0.082803,0.441914,0.049451,N
0.104762,0.064516,0.166667,0,0.097561,0.074074,0.064516,0.135417,0.078431,0,0.05,0.381443,0.077236,0.052632,0.5,0.076923,0,0,0,0.176067,0.141323,0.010527,0.055402,0.073072,0.089552,0.010527,0.054299,0.587629,0.064516,0.074074,0.079365,0.107692,0.068038,0.075319,0.1133,0.5,0.10828,0.352736,0.076923,N
0.114286,0.080645,0.166667,0,0.121951,0.092593,0.080645,0.229167,0.098039,0,0.05,0.309278,0.097561,0.052632,0.4,0.06044,0,0.04918,0.5,0.167926,0.136866,0.009416,0.049861,0.070365,0.089552,0.009416,0.050149,0.484536,0.080645,0.092593,0.100529,0.153846,0.068038,0.070684,0.098522,0.416667,0.104034,0.475657,0.06044,N
0.038095,0.064516,0,0,0.03252,0.074074,0.064516,0.15625,0.078431,0,0,0.175258,0.056911,0,0,0.068681,0.2,0.081967,1,0.093753,0.212222,0.012639,0.044321,0.071719,0.059701,0.012638,0.043418,0.175258,0.064516,0.074074,0.05291,0.184615,0.063291,0.076477,0.044335,0.305556,0.070064,0.160641,0.068681,N
0.047619,0.112903,0,0,0.04065,0.12037,0.112903,0.166667,0.117647,0.17,0,0.103093,0.097561,0.105263,0.57,0.10989,0.2,0.131148,1,0.08242,0.523832,0.067717,0.094183,0.137348,0.029851,0.067717,0.09423,0.618557,0.112903,0.12037,0.089947,0.2,0.125,0.143685,0.059113,0.527778,0.106157,0.130995,0.10989,N
0,0.25,0,0,0,0,0.483871,0.041667,0,0.105827,0,0,0.252033,0,0,1,0.2,0.508197,1,1,0.458343,0.628713,1,0.925575,0.029851,0.628713,1,0,0,0,0.169312,0.092308,1,0.852839,1,1,0.772824,0,1,N
0.066667,0.016129,0.222222,0.052632,0.04878,0.018519,0.016129,0.052083,0.019608,0,0.05,1,0.036585,0,0,0.057692,0,0.032787,1,0.236778,0.17172,0.0209,0.088643,0.123139,0.074627,0.0209,0.088722,0.484536,0.016129,0.018519,0.042328,0.046154,0.131329,0.114716,0.123153,0.333333,0.07431,0.290913,0.06044,N
0.019048,0.048387,0,0.368421,0,0.055556,0.048387,0.0625,0.058824,0,0,0.226804,0.056911,0,0,0.093407,0,0.04918,0.75,0.364744,0.167104,0.030486,0.132964,0.167794,0.074627,0.030486,0.132991,0.226804,0.048387,0.055556,0.058201,0.107692,0.19462,0.144844,0.20197,0.361111,0.091295,0.200892,0.112637,N
0.67619,0.145161,0.5,1,0.512195,0.157407,0.145161,0.0625,0.156863,0.13,0.25,0.587629,0.166667,0.052632,0.22,0.211538,0,0.147541,0.9,0.355592,0.259091,0.071436,0.202216,0.245602,0.044776,0.071436,0.201,0.278351,0.145161,0.157407,0.169312,0.030769,0.221519,0.258401,0.211823,0.527778,0.488323,0.617619,0.263736,Y
0.590476,0.064516,0.333333,1,0.406504,0.074074,0.064516,0.041667,0.078431,0,0.05,0.381443,0.093496,0,0,0.112637,0,0.032787,0.4,0.248058,0.251213,0.04686,0.135734,0.18065,0.044776,0.04686,0.135971,0.175258,0.064516,0.074074,0.100529,0.015385,0.164557,0.188876,0.137931,0.444444,0.36518,0.749096,0.164835,Y
1,1,0.888889,1,1,0.935185,1,0.229167,0.764706,0.59,0.4,0.113402,0.902439,0.921053,0.56,0.615385,0,1,0.97,0.469299,0.741625,0.772647,0.759003,0.822733,0.014925,0.772647,0.759451,0.556701,1,0.935185,0.846561,0.169231,0.732595,0.872538,0.37931,0.833333,1,0.466257,0.667582,Y
0.009524,0,0.055556,0,0.00813,0,0,0.479167,0,0.105827,0,1,0.004065,0,0,0.002747,0,0.016393,1,0.032138,0.041776,0.000168,0.00277,0.006089,0.283582,0.000168,0.002929,1,0,0,0.005291,0.230769,0.004747,0.006952,0.009852,0.166667,0.006369,0.401663,0.002747,N
0.066667,0,0,0,0.065041,0,0,0.072917,0,0.105827,0,1,0,0,0,0.021978,0,0,0,0.524529,0.042413,0.00282,0.049861,0.071719,0.283582,0.00282,0.048505,1,0,0,0,0.030769,0.05538,0.082271,0.1133,0.166667,0.048832,0.567125,0.021978,Y
0.066667,0.112903,0.111111,0,0.073171,0.12037,0.112903,0.239583,0.117647,0.17,0.1,0.360825,0.126016,0,0,0.07967,0.2,0.081967,0.63,0.133074,0.23872,0.022702,0.069252,0.094723,0.044776,0.022702,0.069323,0.103093,0.112903,0.12037,0.126984,0.230769,0.094937,0.0927,0.098522,0.527778,0.095541,0.278139,0.07967,Y
0.095238,0.096774,0.277778,0.315789,0.081301,0.101852,0.096774,0.083333,0.098039,0.2,0,0.113402,0.191057,0.105263,0.67,0.137363,0,0.081967,0.71,0.490635,0.20896,0.064127,0.224377,0.251691,0.059701,0.064127,0.223701,0.701031,0.096774,0.101852,0.216931,0.107692,0.242089,0.253766,0.330049,0.611111,0.161359,0.28778,0.153846,Y
0.133333,0.096774,0.166667,0.157895,0.138211,0.111111,0.096774,0.0625,0.117647,0,0.2,0.701031,0.117886,0,0,0.178571,0,0.114754,1,0.265085,0.325137,0.083874,0.188366,0.235453,0.029851,0.083874,0.188062,0.113402,0.096774,0.111111,0.121693,0.076923,0.205696,0.252607,0.172414,0.583333,0.210191,0.280309,0.186813,N
0.161905,0.209677,0.166667,0.157895,0.146341,0.203704,0.209677,0.135417,0.176471,0.44,0.25,0.412371,0.203252,0.210526,0.62,0.214286,0,0.229508,1,0.304831,0.367789,0.123428,0.243767,0.29364,0.029851,0.123428,0.244634,0.628866,0.209677,0.203704,0.195767,0.153846,0.251582,0.318656,0.211823,0.666667,0.246285,0.253073,0.222527,N
0.085714,0.016129,0.111111,0,0.04878,0.018519,0.016129,0.03125,0.019608,0,0,0.484536,0.03252,0,0,0.07967,0.8,0.016393,0.5,0.304885,0.084427,0.006502,0.055402,0.077131,0.134328,0.006502,0.056152,0.484536,0.016129,0.018519,0.037037,0.030769,0.085443,0.069525,0.137931,0.277778,0.093418,0.200892,0.07967,Y
0.038095,0,0,0,0.04065,0,0,0.041667,0,0.105827,0,1,0,0,0,0.032967,0,0.016393,1,0.453017,0.019098,0.000495,0.019391,0.032476,0.626866,0.000494,0.018877,1,0,0,0,0.030769,0.037975,0.02781,0.073892,0.055556,0.044586,0.334779,0.032967,N
0.571429,0.919355,0.5,1,0.796748,1,0.919355,0.15625,1,0.12,0.75,0.257732,1,1,0.67,0.785714,0,0.754098,0.79,0.571406,0.764622,1,0.952909,1,0.014925,1,0.953335,0.659794,0.919355,1,1,0.153846,0.973101,1,0.472906,0.805556,0.983015,0.349,0.837912,Y
0.47619,0.709677,0.444444,0.631579,0.609756,0.722222,0.709677,0.177083,0.666667,0.29,0.7,0.309278,0.731707,0.763158,0.66,0.56044,0,0.704918,0.96,0.564116,0.540304,0.492988,0.66482,0.700947,0.014925,0.492988,0.6651,0.659794,0.709677,0.722222,0.719577,0.169231,0.666139,0.71263,0.458128,0.805556,0.723992,0.359002,0.593407,Y
0,0,0,0,0,0,0,1,0,0.105827,0,1,0,0,0,0,0,0,0,0,0,0,0,0,0,0,0,1,0,0,0,0.476923,0,0,0,0,0,0,0,N
0.085714,0.129032,0.055556,0,0.081301,0.148148,0.129032,0.177083,0.156863,0,0.05,0.195876,0.150407,0.131579,0.63,0.112637,0,0.147541,1,0.059966,0.818811,0.120297,0.108033,0.157645,0.014925,0.120297,0.107097,0.659794,0.129032,0.148148,0.153439,0.184615,0.155063,0.156431,0.049261,0.555556,0.127389,0.231743,0.112637,Y
0.142857,0.16129,0.277778,0,0.130081,0.185185,0.16129,0.114583,0.196078,0,0.4,0.814433,0.199187,0.078947,0.3,0.200549,0,0.147541,0.82,0.278387,0.274529,0.062803,0.166205,0.203654,0.044776,0.062803,0.166764,0.340206,0.16129,0.185185,0.206349,0.123077,0.189873,0.209733,0.197044,0.611111,0.220807,0.214268,0.200549,N
0.07619,0.016129,0.055556,0.263158,0.065041,0.018519,0.016129,0,0.019608,0,0,0.484536,0.081301,0,0,0.115385,0,0.032787,1,0.37081,0.221135,0.054294,0.180055,0.232747,0.059701,0.054294,0.178952,0.484536,0.016129,0.018519,0.100529,0.015385,0.199367,0.252607,0.167488,0.388889,0.133758,0.279706,0.129121,N
0.428571,0.483871,0.166667,0.105263,0.552846,0.490741,0.483871,0.15625,0.45098,0.3,0.1,0.072165,0.512195,0.5,0.63,0.436813,0,0.459016,0.9,0.32819,0.513249,0.25879,0.368421,0.427605,0.029851,0.25879,0.36756,0.639175,0.483871,0.490741,0.507937,0.138462,0.408228,0.433372,0.256158,0.694444,0.581741,0.366715,0.442308,Y
0.019048,0,0.055556,0,0.02439,0,0,0.135417,0,0.105827,0,1,0.004065,0,0,0.013736,0,0.016393,1,0.118495,0.053076,0.000998,0.01385,0.02571,0.223881,0.000998,0.013718,1,0,0,0.005291,0.092308,0.015823,0.032445,0.029557,0.194444,0.021231,0.401663,0.013736,Y
0.047619,0.032258,0.055556,0,0.04065,0.037037,0.032258,0.135417,0.039216,0,0,0.309278,0.044715,0,0,0.046703,0,0.04918,1,0.149197,0.146256,0.009547,0.047091,0.070365,0.074627,0.009547,0.047597,0.309278,0.032258,0.037037,0.047619,0.123077,0.066456,0.071842,0.078818,0.361111,0.057325,0.261991,0.046703,N
0.228571,0.145161,0.166667,0,0.219512,0.157407,0.145161,0.0625,0.156863,0.13,0.1,0.278351,0.195122,0,0,0.282967,0,0.131148,0.8,0.24279,0.439246,0.140219,0.232687,0.290257,0.029851,0.140219,0.232706,0.072165,0.145161,0.157407,0.206349,0.061538,0.265823,0.302433,0.172414,0.611111,0.326964,0.248373,0.282967,Y
0.019048,0,0.055556,0,0.02439,0,0,0.135417,0,0.105827,0,1,0.004065,0,0,0.013736,0,0.016393,1,0.118495,0.053076,0.000998,0.01385,0.02571,0.223881,0.000998,0.013718,1,0,0,0.005291,0.092308,0.015823,0.032445,0.029557,0.194444,0.021231,0.401663,0.013736,N
0.038095,0,0.111111,0.315789,0.04065,0,0,0.03125,0,0.105827,0,1,0.012195,0,0,0.021978,0,0.016393,1,0.157125,0.095488,0.004289,0.033241,0.054804,0.119403,0.004289,0.03274,1,0,0,0.015873,0.030769,0.037975,0.066049,0.049261,0.25,0.048832,0.66281,0.038462,N
0.333333,0.774194,0.166667,0,0.414634,0.777778,0.774194,0.145833,0.705882,0.33,0.35,0.134021,0.849593,0.868421,0.69,0.725275,0,0.688525,0.86,0.291104,1,0.871304,0.634349,0.755751,0.014925,0.871304,0.63517,0.680412,0.774194,0.796296,0.851852,0.184615,0.688291,0.790267,0.221675,0.694444,0.7431,0.194505,0.725275,Y
0.057143,0.016129,0.055556,0,0.056911,0.018519,0.016129,0.114583,0.019608,0,0,0.484536,0.028455,0,0,0.032967,0.2,0.032787,1,0.086357,0.16782,0.007281,0.030471,0.048038,0.074627,0.007281,0.031627,0.484536,0.016129,0.018519,0.031746,0.076923,0.045886,0.048667,0.054187,0.416667,0.053079,0.421788,0.032967,Y
0.447619,0.322581,1,0.473684,0.552846,0.25,0.370968,0.1875,0.215686,0.45,0.65,0.56701,0.378049,0.184211,0.3,0.271978,0,0.344262,0.88,0.399755,0.218509,0.057119,0.191136,0.216509,0.059701,0.057119,0.19057,0.309278,0.258065,0.25,0.37037,0.123077,0.189873,0.23175,0.29064,0.722222,0.507431,0.524223,0.296703,N
0,0.016129,0,0,0,0.018519,0.016129,0.114583,0.019608,0,0,0.484536,0.020325,0,0,0.032967,0.4,0.032787,1,0.104927,0.083552,0.002193,0.019391,0.035183,0.149254,0.002193,0.01913,0.484536,0.016129,0.018519,0.021164,0.169231,0.037975,0.032445,0.039409,0.166667,0.025478,0,0.032967,N
0.047619,0.032258,0,0,0.227642,0.037037,0.032258,0.21875,0.039216,0,0,0.309278,0.03252,0,0,0.03022,0,0,0,0.198414,0.071616,0.003046,0.030471,0.052774,0.164179,0.003046,0.031003,0.309278,0.032258,0.037037,0.031746,0.061538,0.031646,0.067207,0.049261,0.222222,0.093418,0.843577,0.03022,N
0.019048,0.016129,0,0,0,0.018519,0.016129,0.21875,0.019608,0,0,0.484536,0.02439,0,0,0.019231,0,0.032787,1,0.091891,0.058009,0.000924,0.01108,0.022327,0.208955,0.000924,0.011623,0.484536,0.016129,0.018519,0.026455,0.230769,0.026899,0.01854,0.034483,0.138889,0.019108,0,0.019231,N
0.104762,0.112903,0.166667,0.421053,0.170732,0.12963,0.112903,0.104167,0.137255,0,0.2,0.618557,0.162602,0,0,0.131868,0.2,0.032787,0.25,0.154517,0.518978,0.124549,0.174515,0.235453,0.029851,0.124549,0.174952,0.103093,0.112903,0.12963,0.174603,0.107692,0.237342,0.229432,0.1133,0.527778,0.186837,0.44806,0.153846,Y
0,0,0.055556,0,0,0,0,0.479167,0,0.105827,0,1,0.004065,0,0,0.002747,0,0,0,0.041183,0.011936,0.000018,0,0.002706,1,0.000018,0.001073,1,0,0,0.005291,0.353846,0.003165,0.002317,0.009852,0.055556,0.002123,0,0.002747,N
0.047619,0,0,0,0.130081,0,0,0.104167,0,0.105827,0,1,0,0,0,0.016484,0,0.016393,1,0.304725,0.045834,0.001919,0.030471,0.048038,0.253731,0.001919,0.030497,1,0,0,0,0.015385,0.044304,0.049826,0.083744,0.166667,0.057325,0.838395,0.016484,N
0.228571,0.185484,0,0.157895,0.138211,0.055556,0.306452,0.177083,0.058824,0,0,0.020619,0.195122,0,0,0.247253,0.2,0.327869,1,0.348835,0.18843,0.037086,0.144044,0.162382,0.059701,0.037086,0.143447,0.020619,0.048387,0.055556,0.153439,0.2,0.142405,0.173812,0.280788,0.805556,0.284501,0.217161,0.255495,N
0,0,0,0,0,0,0,0.302083,0,0.105827,0,1,0,0,0,0.005495,0,0.016393,1,0.070235,0.019893,0.000083,0.00277,0.006766,0.597015,0.000083,0.003049,1,0,0,0,0.276923,0.007911,0.005794,0.019704,0.083333,0.004246,0,0.005495,N
0.009524,0.064516,0,0,0,0.074074,0.064516,0.1875,0.078431,0,0,0.175258,0.081301,0,0,0.06044,0.4,0.081967,1,0.197084,0.165035,0.016066,0.072022,0.101488,0.074627,0.016066,0.070969,0.175258,0.064516,0.074074,0.084656,0.261538,0.106013,0.096176,0.103448,0.333333,0.048832,0,0.06044,N
0.085714,0.096774,0.111111,0,0.113821,0.12963,0.096774,0.197917,0.137255,0,0.1,0.412371,0.109756,0,0,0.07967,0,0.114754,1,0.156273,0.144585,0.009784,0.049861,0.066306,0.089552,0.009784,0.049318,0.113402,0.112903,0.12963,0.111111,0.169231,0.06962,0.062572,0.1133,0.5,0.110403,0.383466,0.07967,N
0.038095,0.048387,0.111111,0.157895,0.02439,0.055556,0.048387,0.1875,0.058824,0,0.1,0.742268,0.060976,0,0,0.038462,0,0.016393,0.25,0.127487,0.082597,0.002605,0.022161,0.036536,0.149254,0.002606,0.022985,0.226804,0.048387,0.055556,0.063492,0.2,0.042722,0.031286,0.064039,0.25,0.050955,0.3443,0.046703,N
0.095238,0,0,0,0.178862,0,0,0.052083,0,0.105827,0,1,0,0,0,0.027473,0,0.016393,1,0.184367,0.083552,0.003852,0.033241,0.05954,0.149254,0.003852,0.033607,1,0,0,0,0,0.047468,0.067207,0.049261,0.166667,0.089172,0.803447,0.027473,N
0.114286,0.048387,0,0,0.130081,0.055556,0.048387,0.0625,0.058824,0,0,0.226804,0.060976,0,0,0.104396,0.4,0.065574,1,0.09668,0.268401,0.020849,0.055402,0.088633,0.044776,0.020849,0.05663,0.226804,0.048387,0.055556,0.063492,0.061538,0.083861,0.090382,0.054187,0.361111,0.140127,0.350566,0.104396,N
0.133333,0.032258,0.5,0.210526,0.130081,0.037037,0.032258,0.052083,0.039216,0,0,0.309278,0.089431,0,0,0.082418,0,0.04918,1,0.517878,0.060715,0.005717,0.069252,0.08931,0.19403,0.005717,0.068622,0.309278,0.032258,0.037037,0.10582,0.030769,0.091772,0.085747,0.187192,0.25,0.135881,0.472644,0.093407,N
0,0,0,0,0.01626,0,0,0.072917,0,0.105827,0,1,0,0,0,0.021978,0,0.016393,1,0.375599,0.023872,0.000641,0.019391,0.032476,0.492537,0.000641,0.019564,1,0,0,0,0.092308,0.037975,0.02781,0.078818,0.083333,0.021231,0.219089,0.021978,N
0,0,0,0,0,0,0,0.302083,0,0.105827,0,1,0,0,0,0.005495,0,0.016393,1,0.056241,0.023872,0.000096,0.00277,0.006089,0.492537,0.000096,0.002929,1,0,0,0,0.276923,0.004747,0.006952,0.014778,0.138889,0.004246,0,0.005495,N
0.07619,0.177419,0.166667,0,0.113821,0.166667,0.177419,0.354167,0.137255,0.57,0.2,0.402062,0.158537,0.131579,0.45,0.085165,0,0.163934,0.83,0.210865,0.191374,0.023109,0.088643,0.112991,0.059701,0.023109,0.088038,0.484536,0.177419,0.166667,0.148148,0.292308,0.128165,0.099652,0.157635,0.5,0.112527,0.366715,0.085165,Y
0,0.016129,0.055556,0,0,0.018519,0.016129,0.375,0.019608,0,0.05,1,0.020325,0,0,0.010989,0.2,0.016393,0.5,0.06518,0.038195,0.000285,0.00554,0.010825,0.313433,0.000285,0.005433,0.484536,0.016129,0.018519,0.021164,0.415385,0.012658,0.00927,0.024631,0.138889,0.008493,0,0.010989,N
0.057143,0.153226,0.055556,0.052632,0.03252,0.083333,0.193548,0.385417,0.058824,1,0.3,0.525773,0.121951,0.157895,0.5,0.082418,0,0.131148,0.62,0.150527,0.15119,0.010299,0.049861,0.067659,0.074627,0.010299,0.049657,0.525773,0.096774,0.083333,0.095238,0.430769,0.060127,0.071842,0.098522,0.527778,0.087049,0.16739,0.085165,Y
0.019048,0,0.055556,0,0.01626,0,0,0.135417,0,0.105827,0,1,0.00813,0,0,0.013736,0,0,0,0.093168,0.039787,0.000442,0.00831,0.014885,0.298507,0.000441,0.00809,1,0,0,0.010582,0.092308,0.015823,0.013905,0.034483,0.166667,0.019108,0.301277,0.013736,N
0.12381,0.459677,0.444444,0.789474,0.097561,0.37037,0.5,0.208333,0.294118,0.67,1,0.649485,0.422764,0.5,0.61,0.326923,0,0.442623,0.84,0.263488,0.412111,0.133923,0.235457,0.275372,0.029851,0.133922,0.23691,0.618557,0.403226,0.37037,0.386243,0.276923,0.276899,0.26883,0.241379,0.777778,0.33758,0.221379,0.368132,Y
0.07619,0.048387,0.055556,0,0.04878,0.055556,0.048387,0.177083,0.058824,0,0.05,0.484536,0.060976,0,0,0.049451,0,0.065574,1,0.179419,0.109016,0.006378,0.041551,0.058863,0.104478,0.006378,0.042664,0.226804,0.048387,0.055556,0.063492,0.138462,0.066456,0.052144,0.1133,0.388889,0.067941,0.289226,0.049451,N
0.142857,0,0.055556,0,0.105691,0,0,0.010417,0,0.105827,0,1,0.004065,0,0,0.054945,0,0.016393,1,0.37911,0.077107,0.006743,0.063712,0.085927,0.149254,0.006743,0.063764,1,0,0,0.005291,0,0.098101,0.075319,0.157635,0.25,0.101911,0.460834,0.054945,N
0.12381,0,0.055556,0,0.097561,0,0,0.010417,0,0.105827,0,1,0.004065,0,0,0.054945,0,0.016393,1,0.447004,0.064216,0.005522,0.063712,0.083897,0.179104,0.005522,0.062661,1,0,0,0.005291,0,0.096519,0.073001,0.167488,0.222222,0.095541,0.438178,0.054945,N
0.047619,0.016129,0,0,0.02439,0.018519,0.016129,0.260417,0.019608,0,0,0.484536,0.020325,0,0,0.016484,0,0.032787,1,0.137171,0.035808,0.000526,0.01108,0.018945,0.328358,0.000526,0.010716,0.484536,0.016129,0.018519,0.021164,0.153846,0.023734,0.015064,0.049261,0.138889,0.029724,0.361533,0.016484,N
0.047619,0.016129,0,0,0.02439,0.018519,0.016129,0.260417,0.019608,0,0,0.484536,0.020325,0,0,0.016484,0,0.032787,1,0.141907,0.035808,0.000545,0.01108,0.019621,0.328358,0.000545,0.011086,0.484536,0.016129,0.018519,0.021164,0.153846,0.023734,0.016222,0.049261,0.138889,0.029724,0.361533,0.016484,N
0.047619,0.016129,0,0,0.02439,0.018519,0.016129,0.260417,0.019608,0,0,0.484536,0.020325,0,0,0.016484,0,0.032787,1,0.141907,0.033421,0.000474,0.01108,0.018268,0.358209,0.000474,0.010347,0.484536,0.016129,0.018519,0.021164,0.153846,0.022152,0.015064,0.049261,0.138889,0.029724,0.361533,0.016484,N
0.285714,0.548387,0.944444,0.210526,0.422764,0.546296,0.548387,0.239583,0.529412,0.19,0.85,0.494845,0.613821,0.421053,0.47,0.340659,0,0.409836,0.71,0.450569,0.219782,0.06514,0.216066,0.244926,0.059701,0.06514,0.216064,0.474227,0.516129,0.546296,0.619048,0.215385,0.22943,0.251448,0.310345,0.638889,0.44586,0.372861,0.351648,N
0.019048,0,0,0,0.02439,0,0,0.21875,0,0.105827,0,1,0,0,0,0.008242,0,0,0,0.046398,0.031829,0.000141,0.00277,0.006766,0.373134,0.000141,0.003221,1,0,0,0,0.107692,0.006329,0.006952,0.014778,0.138889,0.016985,0.51651,0.008242,N
0.057143,0.064516,0.111111,0.315789,0.03252,0.018519,0.096774,0.072917,0.019608,0,0.15,0.556701,0.085366,0,0,0.153846,0.2,0.114754,1,0.27429,0.262593,0.056613,0.157895,0.194181,0.044776,0.056613,0.15716,0.113402,0.016129,0.018519,0.079365,0.107692,0.208861,0.179606,0.197044,0.527778,0.152866,0.179923,0.17033,N
0.095238,0,0.055556,0,0.00813,0,0,0.010417,0,0.105827,0,1,0.073171,0,0,0.052198,0,0.016393,1,0.342184,0.057293,0.003362,0.041551,0.073072,0.208955,0.003362,0.042775,1,0,0,0.095238,0.015385,0.085443,0.062572,0.073892,0.083333,0.063694,0.057363,0.052198,N
0.009524,0,0,0,0,0,0,0.041667,0,0.105827,0,1,0,0,0,0.03022,0,0.016393,1,0.340162,0.021883,0.000488,0.01662,0.02977,0.537313,0.000488,0.016242,1,0,0,0,0.076923,0.03481,0.025492,0.059113,0.055556,0.025478,0,0.03022,Y
0.07619,0.080645,0.111111,0,0.04878,0.092593,0.080645,0.291667,0.098039,0,0.05,0.309278,0.121951,0,0,0.049451,0.2,0.098361,1,0.184474,0.11936,0.007866,0.047091,0.069689,0.104478,0.007866,0.048039,0.14433,0.080645,0.092593,0.132275,0.230769,0.079114,0.061414,0.098522,0.305556,0.067941,0.289226,0.049451,Y
0.152381,0.096774,0.166667,0.578947,0.146341,0.111111,0.096774,0.072917,0.117647,0,0.05,0.268041,0.138211,0,0,0.142857,0,0.081967,0.71,0.557997,0.197979,0.065437,0.240997,0.274696,0.059701,0.065437,0.240992,0.113402,0.096774,0.111111,0.148148,0.076923,0.314873,0.239861,0.334975,0.444444,0.205945,0.426247,0.173077,N
0.228571,0.403226,0.166667,0.578947,0.170732,0.37963,0.403226,0.25,0.313725,0.56,0.05,0.051546,0.365854,0.315789,0.48,0.222527,0,0.131148,0.31,0.49569,0.314236,0.146534,0.34072,0.374831,0.044776,0.146534,0.339903,0.484536,0.403226,0.37963,0.343915,0.261538,0.412975,0.339513,0.374384,0.611111,0.29087,0.338274,0.252747,N
0.009524,0.064516,0.166667,0,0,0.074074,0.064516,0.15625,0.078431,0,0.15,0.793814,0.085366,0.105263,1,0.071429,0,0.065574,0.8,0.155103,0.085223,0.00337,0.027701,0.041949,0.134328,0.00337,0.028834,1,0.064516,0.074074,0.089947,0.230769,0.041139,0.041715,0.083744,0.361111,0.057325,0,0.071429,Y
0.133333,0.185484,0.444444,0,0.113821,0.138889,0.225806,0.21875,0.137255,0.14,0.4,0.587629,0.195122,0.052632,0.14,0.159341,0,0.147541,0.6,0.248696,0.168457,0.021127,0.091413,0.108931,0.074627,0.021127,0.09142,0.175258,0.129032,0.138889,0.179894,0.230769,0.098101,0.114716,0.20197,0.75,0.18259,0.23114,0.159341,Y
0.247619,0.241935,0.388889,0.473684,0.170732,0.277778,0.241935,0.145833,0.294118,0,0.05,0.103093,0.333333,0,0,0.211538,0,0.114754,0.44,0.45323,0.284634,0.109931,0.282548,0.322733,0.044776,0.109931,0.281515,0.030928,0.241935,0.277778,0.354497,0.153846,0.381329,0.273465,0.315271,0.5,0.282378,0.334779,0.236264,Y
0.180952,0.096774,0.166667,0.578947,0.154472,0.111111,0.096774,0.0625,0.117647,0,0.05,0.268041,0.138211,0,0,0.153846,0,0.081967,0.71,0.605725,0.199172,0.071948,0.263158,0.296346,0.059701,0.071948,0.263283,0.113402,0.096774,0.111111,0.148148,0.061538,0.34019,0.258401,0.359606,0.444444,0.22293,0.415522,0.184066,N
0.047619,0.016129,0.166667,0.368421,0.02439,0.018519,0.016129,0.041667,0.019608,0,0.05,1,0.036585,0,0,0.046703,0,0.016393,0.5,0.368203,0.102093,0.011492,0.083102,0.106901,0.119403,0.011492,0.082037,0.484536,0.016129,0.018519,0.042328,0.061538,0.121835,0.093859,0.17734,0.305556,0.067941,0.430345,0.065934,N
0.219048,0.112903,0.166667,0.526316,0.219512,0.12963,0.112903,0.052083,0.137255,0,0.05,0.226804,0.154472,0,0,0.203297,0,0.081967,0.63,0.725817,0.217633,0.102876,0.34349,0.366035,0.059701,0.102876,0.344624,0.103093,0.112903,0.12963,0.164021,0.061538,0.424051,0.316338,0.482759,0.527778,0.284501,0.398168,0.230769,N
0.066667,0,0,0.052632,0.308943,0,0,0.072917,0,0.105827,0,1,0,0,0,0.019231,0,0.016393,1,0.142545,0.055701,0.001324,0.01662,0.0318,0.208955,0.001324,0.017325,1,0,0,0,0,0.025316,0.035921,0.039409,0.166667,0.112527,1,0.021978,N
0,0,0,0,0,0,0,0.302083,0,0.105827,0,1,0,0,0,0.005495,0,0.016393,1,0.061615,0.021246,0.000083,0.00277,0.006766,0.567164,0.000083,0.002853,1,0,0,0,0.276923,0.006329,0.006952,0.014778,0.083333,0.004246,0,0.005495,N
0.028571,0,0.055556,0,0.04065,0,0,0.166667,0,0.105827,0,1,0.004065,0,0,0.010989,0,0,0,0.065979,0.02984,0.000176,0.00554,0.008796,0.402985,0.000176,0.004297,1,0,0,0.005291,0.076923,0.007911,0.00927,0.019704,0.138889,0.025478,0.602555,0.010989,N
